"case_number","date","year","month","time","date_time","crime_code","crime","block","street","type","beat","command","weapon","motivation","number_of_suspects","suspect","victim_count","victim_other","injury","suspect_race_0","suspect_race_1","suspect_race_2","suspect_sex_0","suspect_sex_1","suspect_sex_2","victim_race_0","victim_race_1","victim_race_2","victim_race_3","victim_sex_0","victim_sex_1","victim_sex_2","victim_sex_3"
"16000456","2016-01-04","2016","1","2:00:00 AM","2016-01-04","243(D)M","Assault, No Weapon","500.0","G","St","523","Central","Hands, Fists, Feet","Race","3","Unknown","1.0","","Hospital","O","O","O","M","M","M","O","","","","M","","",""
"16001278","2016-01-10","2016","1","1:30:00 AM","2016-01-10","245A1","Assault, w/Weapon","3400.0","30th","St","813","Mid-City","Stick","Race","3","Unknown","1.0","","No Treat.","Unk","Unk","Unk","M","M","M","B","","","","M","","",""
"16004522","2016-01-31","2016","1","02:30:00","2016-01-31","594(B)(4)","Vandalism","1400.0","Imperial","Av","521","Central","Marker","Race","Unk","Unknown","2.0","","None","Unk","","","Unk","","","H","W","","","F","M","",""
"16005962","2016-02-09","2016","2","4:30:00 PM","2016-02-09","422.22(a)(4)","Threat, Phone Call","4100.0","Ute","Dr","116","Northern","Phone","Race","1","Known","1.0","","None","H","","","M","","","B","","","","M","","",""
"16005900","2016-02-10","2016","2","00:45:00","2016-02-10","417A1:M","Threat","100.0","University","Av","627","Western","Knife","Race","1","Unknown","2.0","","None","W","","","M","","","B","A","","","M","F","",""
"16006866","2016-02-16","2016","2","4:30:00 PM","2016-02-16","422.6","Vandalism","5800.0","University","Av","822","Mid-City","Paint","Race","Unk","Unknown","1.0","","None","Unk","","","Unk","","","B","","","","M","","",""
"16007286","2016-02-18","2016","2","20:43:00","2016-02-18","422.6","Threat","6200.0","Capri","Dr","323","Eastern","Phone","Religion","1","Unknown","1.0","","None","Unk","","","F","","","W","","","","M","","",""
"16008581","2016-02-26","2016","2","11:00:00 PM","2016-02-26","422.6","Vandalism","5400.0","Gilbert","Dr","326","Eastern","Unknown sharp object","Gender","Unk","Unknown","1.0","","None","Unk","","","Unk","","","I","","","","M","","",""
"16008340","2016-02-26","2016","2","5:25:00 PM","2016-02-26","422.6A","Assault, No Weapon","500.0","Euclid","Av","446","Southeastern","Hands, Fists, Feet","Race","1","Known","1.0","","No Treat.","B","","","M","","","H","","","","F","","",""
"16008751","2016-02-29","2016","2","04:00:00","2016-02-29","417A1:M","Threat","300.0","Park","Bl","521","Western","Knife","Race","1","Unknown","1.0","","None","H","","","M","","","B","","","","M","","",""
"16009905","2016-03-08","2016","3","8:26:00 PM","2016-03-08","422.6","Other","2200.0","Imperial","Av","512","Central","Knife","Race","1","Unknown","1.0","","None","B","","","M","","","W","","","","M","","",""
"16013490","2016-04-01","2016","4","9:50:00 PM","2016-04-01","422.6A","Threat, Phone Call","12800.0","Via Nieve #74","","934","Northwestern","Phone","Race","1","Known","1.0","","None","C","","","M","","","B","","","","F","","",""
"16015895","2016-04-17","2016","4","11:05:00 PM","2016-04-17","653M(A)","Threat, Phone Call","1600.0","Thomas Ave","Av","122","Northern","Phone","Religion","2","Unknown","1.0","","None","Unk","Unk","","Unk","Unk","","W","","","","M","","",""
"16017576","2016-04-26","2016","4","8:00:00 PM","2016-04-26","422.6B","Vandalism","500.0","Camino De La Reina #129","","315","Eastern","Spray Paint","Sexual Orientation","Unk","Unknown","1.0","","None","Unk","","","Unk","","","W","","","","M","","",""
"16018078","2016-04-30","2016","4","12:01:00 AM","2016-04-30","422","Other","6900.0","Sandleford","Wy","437","Southeastern","Facebook/computer","Gender","1","Known","1.0","","None","H","","","M","","","W","","","","F","","",""
"16020160","2016-05-13","2016","5","9:00:00 PM","2016-05-13","422.6B","Vandalism","500.0","Camino De La Reina","","315","Eastern","Spray Paint","Sexual Orientation","Unk","Unknown","1.0","","None","Unk","","","Unk","","","W","","","","M","","",""
"16021550","2016-05-23","2016","5","2:20:00 PM","2016-05-23","422.6A","Other","","I-8/Alvarado Canyon","","321","Eastern","Verbal","Race","1","Unknown","1.0","","None","W","","","M","","","B","","","","M","","",""
"16023023","2016-05-23","2016","5","11:30:00 PM","2016-05-23","245A1","Assault, No Weapon","3500.0","Sports Arena","Bl","611","Western","Hands, Fists, Feet","Sexual Orientation","2","Unknown","1.0","","Hospital","H","H","","M","M","","W","","","","M","","",""
"16023668","2016-06-05","2016","6","12:30:00","2016-06-05","211","Robbery","6200.0","University","Av","821","Mid City","Hands, Fists, Feet","Sexual Orientation","1","Unknown","1.0","","No Treat.","B","","","M","","","W","","","","M","","",""
"16024587","2016-06-11","2016","6","10:30:00","2016-06-11","245A1","Assault, w/Weapon","4100.0","Fairmount","Av","831","Eastern","Rod","Race","3","Unknown","1.0","","Hospital","A","A","A","M","M","M","B","","","","M","","",""
"16025303","2016-06-16","2016","6","09:41:00","2016-06-16","245A","Assault, w/Weapon","5300.0","Orange ","Av","826","Mid-City","Bottle","Race","3","Known","1.0","","None","B","B","B","M","M","M","H","","","","M","","",""
"16026441","2016-06-18","2016","6","14:00:00","2016-06-18","422:F","Threat","300.0","University","Av","627","Western","Verbal","Race","1","Known","1.0","Restaurant","None","W","","","M","","","W","","","","M","","",""
"16025550","2016-06-18","2016","6","12:00:00","2016-06-18","422.6","Other","7000.0","Eckstrom","Av","111","Northern","Mail","Religion","Unk","Unknown","1.0","","None","Unk","","","Unk","","","W","","","","F","","",""
"16028219","2016-07-06","2016","7","14:15:00","2016-07-06","211","Robbery","3500.0","Main","St","511","Central","Knife","Sexual Orientation","1","Unknown","1.0","","None","H","","","M","","","H","","","","M","","",""
"16028646","2016-07-09","2016","7","05:30:00","2016-07-09","422.7(A)","Battery","1800.0","Titus","St","626","Western","Hands, Fists, Feet","Sexual Orientation","1","Known","1.0","","Treated","W","","","M","","","H","","","","M","","",""
"16029933","2016-07-16","2016","7","13:00:00","2016-07-16","422A","Other","7000.0","Eckstrom","Av","111","Northern","Mail","Religion","Unk","Unknown","1.0","","None","Unk","","","Unk","","","W","","","","M","","",""
"16029806","2016-07-17","2016","7","16:00:00","2016-07-17","422.6A","Vandalism","11000.0","Pegasus","Av","242","Northeastern","Spray Paint","Religion","Unk","Unknown","1.0","","None","Unk","","","Unk","","","H","","","","M","","",""
"16033533","2016-07-31","2016","7","11:00:00","2016-07-31","422.M","Threat","5800.0","Copley","Dr","313","Eastern","Verbal","Race","1","Unknown","2.0","","None","W","","","M","","","A","B","","","F","M","",""
"16032832","2016-08-08","2016","8","15:00:00","2016-08-08","245A1","Assault, w/Weapon","2200.0","Imperial","Av","514","Central","Knife","Race","1","Known","1.0","","Hospital","W","","","M","","","B","","","","M","","",""
"16033890","2016-08-11","2016","8","18:00:00","2016-08-11","459","Burglary","6400.0","Reflection","Dr","321","Eastern","Marker","Race","Unk","Unknown","1.0","","None","Unk","","","Unk","","","B","","","","F","","",""
"16036850","2016-09-05","2016","9","22:47:00","2016-09-05","245A1","Assault, w/Weapon","6300.0","College Grove","Av","451","Southeastern","Knife","Sexual Orientation","1","Unknown","1.0","","Treated","Unk","","","M","","","W","","","","M","","",""
"16037460","2016-09-09","2016","9","22:20:00","2016-09-09","211F","Robbery","300.0","32nd","St","516","Central","Hands, Fists, Feet","Sexual Orientation","3","Unknown","1.0","","No Treat.","H","H","H","M","M","M","H","","","","M","","",""
"16039755","2016-09-22","2016","9","22:00:00","2016-09-22","422.6B","Vandalism","2400.0","Dusk","Dr","437","Southeastern","Spray Paint","Sexual Orientation","Unk","Unknown","1.0","","None","Unk","","","Unk","","","E","","","","F","","",""
"16041342","2016-10-07","2016","10","01:00:00","2016-10-07","242","Assault, No Weapon","4000.0","04th","Av","627","Western","Hands, Fists, Feet","Sexual Orientation","6","Unknown","1.0","","No Treat.","H","H","H","M","M","M","O","","","","M","","",""
"16046232","2016-10-21","2016","10","20:00:00","2016-10-21","594(B)(2)A","Vandalism","300.0","32nd","St","512","Central","Spray Paint","Religion","Unk","Unknown","1.0","Church","None","Unk","","","Unk","","","","","","","","","",""
"16044681","2016-10-30","2016","10","15:44:00","2016-10-30","245(A)(1)","Assault, No Weapon","5900.0","University","Av","823","MidCity","Hands, Fists, Feet","Religion","3","Known","1.0","","Treated","W","W","W","M","M","M","O","","","","M","","",""
"16044826","2016-10-31","2016","10","12:45:00","2016-10-31","243A","Assault, No Weapon","3800.0","Rosecrans","St","611","Western","Hands, Fists, Feet","Race","1","Known","1.0","","No Treat.","W","","","M","","","B","","","","M","","",""
"16046131","2016-11-08","2016","11","21:00:00","2016-11-08","243A","Assault, No Weapon","1400.0","University","Av","627","Western","Egg","Sexual Orientation","2","Unknown","1.0","","None","Unk","Unk","","M","M","","W","","","","M","","",""
"16047409","2016-11-11","2016","11","07:00:00","2016-11-11","422.6","Threat, Phone Call","4900.0","Ariva","Wy","313","Eastern","Phone","Sexual Orientation","1","Unknown","1.0","","None","Unk","","","Unk","","","W","","","","M","","",""
"16046634","2016-11-13","2016","11","16:10:00","2016-11-13","422.6","Assault, w/Weapon","3900.0","Landis","St","839","Mid-City","Pepper Spray","Race","1","Unknown","2.0","","Treated","B","","","F","","","H","H","","","F","M","",""
"16046655","2016-11-13","2016","11","13:30:00","2016-11-13","594(A):F","Vandalism","6900.0","Golfcrest","Dr","324","Eastern","Other","Race","Unk","Unknown","1.0","","None","Unk","","","Unk","","","B","","","","M","","",""
"16046909","2016-11-15","2016","11","12:00:00","2016-11-15","422.6","Other","7000.0","Eckstrom","Av","111","Northern","Mail","Religion","Unk","Unknown","1.0","","None","Unk","","","Unk","","","W","","","","F","","",""
"16047848","2016-11-21","2016","11","19:00:00","2016-11-21","594A","Vandalism","13100.0","Sandown","Wy","934","Northwestern","Marker","Religion","Unk","Unknown","2.0","","None","Unk","","","Unk","","","W","W","","","M","M","",""
"16048134","2016-11-24","2016","11","17:00:00","2016-11-24","422.6","Vandalism","3000.0","C","St","517","Central","Fire Extinguisher","Race","Unk","Unknown","1.0","","None","Unk","","","Unk","","","B","","","","F","","",""
"16048288","2016-11-26","2016","11","09:00:00","2016-11-26","422.6","Other","2800.0","Dewey","Rd","611","Western","Marker","Race","Unk","Unknown","1.0","","None","Unk","","","Unk","","","H","","","","F","","",""
"16049989","2016-12-07","2016","12","07:00:00","2016-12-07","422.6","Other","2100.0","Via Nina","","124","Northern","Hands, Fists, Feet","Religion","Unk","Unknown","1.0","","None","Unk","","","Unk","","","A","","","","M","","",""
"16050641","2016-12-12","2016","12","18:20:00","2016-12-12","242","Simple Assault","5700.0","Beaumont ","Ave","124","Northern","Hands, Fists, Feet","Sexual Orientation","5","Unknown","1.0","","No Treat.","W","W","W","M","M","M","A","","","","M","","",""
"16052116","2016-12-25","2016","12","13:00:00","2016-12-25","243A","Assault, No Weapon","2200.0","Morley Field","Dr","531","Central","Hands, Fists, Feet","Sexual Orientation","1","Unknown","1.0","","Hospital","W","","","M","","","W","","","","F","","",""
"17034249","2017-01-01","2017","1","00:00:00","2017-01-01","594 (A): F","Vandalism","3800.0","Edna","Pl","811","Mid-City","Other","Race","Unk","Unknown","1.0","","None","Unk","","","Unk","","","O","","","","F","","",""
"17000639","2017-01-05","2017","1","1901-03-27 04:52:00","2018-04-02","245A","Assault, w/Weapon","3800.0","Boundary ","St","813","Mid-City","Vehicle","Sexual Orientation","1","Unknown","1.0","","None","H","","","M","","","H","","","","F","","",""
"17001022","2017-01-08","2017","1","19:50:00","2017-01-08","245A","Assault, No Weapon","2500.0","L","St","515","Central","Hands, Fists, Feet","Sexual Orientation","4","Unknown","1.0","","Treated","Unk","Unk","Unk","M","M","M","H","","","","M","","",""
"17004008","2017-01-29","2017","1","19:00:00","2017-01-29","594B(2)(A)","Vandalism","4700.0","Jewell","St","122","Northern","Other","Religion","Unk","Unknown","1.0","","None","Unk","","","Unk","","","B","","","","M","","",""
"17004125","2017-01-31","2017","1","08:57:00","2017-01-31","148.1A","Bomb Threat","4100.0","Executive ","Dr","115","Northern","Phone","Religion","Unk","Unknown","1.0","Temple","None","Unk","","","Unk","","","H","","","","F","","",""
"17004273","2017-02-01","2017","2","07:30:00","2017-02-01","243D M","Assault, No Weapon","2200.0","Barney","St","437","Southeastern","Hands, Fists, Feet","Race","1","Unknown","1.0","","Hospital","W","","","M","","","F","","","","M","","",""
"17005240","2017-02-07","2017","2","19:00:00","2017-02-07","422.6","Assault, No Weapon","1200.0","K ","St","521","Central","Hands, Fists, Feet","Gender","1","Unknown","1.0","","Treated","B","","","F","","","H","","","","F","","",""
"17006219","2017-02-14","2017","2","15:27:00","2017-02-14","245 (A)","Assault, w/Weapon","200.0","Park","Bl","541","Central","Cane","Race","1","Unknown","1.0","","None","W","","","M","","","O","","","","M","","",""
"17007116","2017-02-20","2017","2","22:38:00","2017-02-20","148.1 (A)","Bomb Threat","4100.0","Executive ","Dr","115","Northern","Email","Religion","Unk","Unknown","1.0","Temple","None","Unk","","","Unk","","","H","","","","M","","",""
"17007667","2017-02-24","2017","2","06:00:00","2017-02-24","594 (B)(4)","Vandalism","4400.0","41st ","St","825","Mid-City","Spray Paint","Sexual Orientation","Unk","Unknown","2.0","","None","Unk","","","Unk","","","W","W","","","M","M","",""
"17008023","2017-02-27","2017","2","16:33:00","2017-02-27","148.1 (A)","Bomb Threat","4100.0","Executive ","Dr","115","Northern","Phone","Religion","Unk","Unknown","1.0","Temple","None","Unk","","","Unk","","","W","","","","M","","",""
"17008509","2017-03-02","2017","3","19:00:00","2017-03-02","422(A)","Other","4700.0","Imperial","Ave","446","Southeastern","Facebook/computer","Race","Unk","Unknown","1.0","High School","None","Unk","","","Unk","","","H","","","","F","","",""
"17009294","2017-03-07","2017","3","21:00:00","2017-03-07","148.1(C )","Bomb Threat","4100.0","Executive ","Dr","115","Northern","Phone","Religion","Unk","Unknown","1.0","Temple","None","Unk","","","Unk","","","H","","","","F","","",""
"17010162","2017-03-13","2017","3","16:15:00","2017-03-13","653M","Threat, Phone Call","4900.0","Murphy Canyon","Rd","313","Eastern","Phone","Religion","Unk","Unknown","1.0","Business","None","Unk","","","Unk","","","W","","","","F","","",""
"17010421","2017-03-15","2017","3","22:30:00","2017-03-15","653M(A)","Threat, Phone Call","3000.0","North Park","Wy","813","Mid-City","Phone","Sexual Orientation","Unk","Unknown","1.0","Bar","None","Unk","","","Unk","","","H","","","","M","","",""
"17010649","2017-03-17","2017","3","14:30:00","2017-03-17","243(D)F","Assault, No Weapon","6600.0","Carmel Valley","Rd","935","Northwestern","Hands, Fists, Feet","Sexual Orientation","1","Known","1.0","","Hospital","B","","","M","","","W","","","","F","","",""
"17013196","2017-03-22","2017","3","18:07:00","2017-03-22","653M","Threat, Phone Call","7700.0","Balboa","Ave","313","Eastern","Phone","Race","Unk","Unknown","1.0","Business","None","Unk","","","M","","","W","","","","F","","",""
"17013704","2017-04-07","2017","4","20:45:00","2017-04-07","243A","Assault, No Weapon","1000.0","04th ","Ave","524","Central","Hands, Fists, Feet","Religion","1","Unknown","1.0","","None","H","","","M","","","B","","","","M","","",""
"17015184","2017-04-15","2017","4","14:00:00","2017-04-15","594(A)","Vandalism","3700.0","30th ","St","813","Mid-City","Spray Paint","Religion","Unk","Unknown","1.0","Business","None","Unk","","","Unk","","","","","","","","","",""
"17014768","2017-04-15","2017","4","19:37:00","2017-04-15","245(a)(1)","Assault, w/Weapon","0.0","24th ","St","512","Central","Stick","Race","1","Unknown","1.0","","Hospital","H","","","M","","","B","","","","M","","",""
"17015573","2017-04-20","2017","4","16:00:00","2017-04-20","459F & 594","Burglary","5400.0","Lea","St","822","Mid-City","Spray Paint","Race","Unk","Unknown","1.0","Business","None","Unk","","","Unk","","","B","","","","F","","",""
"17016020","2017-04-23","2017","4","00:10:00","2017-04-23","245A1","Assault, w/Weapon","1100.0","A","St","521","Central","Cane","Race","1","Unknown","1.0","","Hospital","H","","","M","","","B","","","","M","","",""
"17015940","2017-04-23","2017","4","18:30:00","2017-04-23","242 M","Assault, No Weapon","11500.0","Caminito La Bar","","242","Northeastern","Hands, Fists, Feet","Race","1","Unknown","1.0","","None","W","","","M","","","B","","","","F","","",""
"17017611","2017-05-04","2017","5","14:30:00","2017-05-04","594B(2)(A)","Vandalism","4200.0","Swift","Ave","838","Mid-City","Marker","Race","Unk","Unknown","2.0","","None","Unk","","","Unk","","","B","B","","","F","M","",""
"17019690","2017-05-19","2017","5","21:00:00","2017-05-19","594","Vandalism","4700.0","Fairport","Way","934","Northwestern","Marker","Race","Unk","Unknown","1.0","Business","None","Unk","","","Unk","","","B","","","","F","","",""
"17019750","2017-05-20","2017","5","17:50:00","2017-05-20","422","Threat, Phone Call","700.0","A","St","524","Central","Phone","Sexual Orientation","Unk","Unknown","2.0","","None","Unk","","","M","","","H","W","","","M","F","",""
"17022660","2017-05-21","2017","5","00:30:00","2017-05-21","422.6A","Threat, Phone Call","1600.0","Polk","Ave","624","Mid-City","Phone","Sexual Orientation","Unk","Unknown","1.0","","None","Unk","","","Unk","","","W","","","","M","","",""
"17023023","2017-06-12","2017","6","17:00:00","2017-06-12","594(A)(2)","Vandalism","200.0","Pardee","St","444","Southeastern","Other","Race","Unk","Unknown","1.0","","None","Unk","","","Unk","","","B","","","","M","","",""
"17024121","2017-06-20","2017","6","20:35:00","2017-06-20","243(D)","Assault, No Weapon","900.0","4th","Ave","525","Central","Hands, Fists, Feet","Race","4","Known","1.0","","None","B","B","B","M","M","M","W","","","","M","","",""
"17025240","2017-06-29","2017","6","22:30:00","2017-06-29","245(A)(1)","Assault, No Weapon","1400.0","4th ","Ave","526","Central","Vehicle","Race","1","Known","1.0","","None","W","","","M","","","B","","","","M","","",""
"17025352","2017-06-30","2017","6","22:00:00","2017-06-30","664/211","Robbery","100.0","1700 E Mission Bay","Dr","123","Northern","Knife","Religion","1","Unknown","1.0","","Treated","W","","","M","","","O","","","","M","","",""
"17026690","2017-07-10","2017","7","12:53:00","2017-07-10","422.6","Threat, Phone Call","4000.0","Albatross","St","627","Western","Other","Sexual Orientation","Unk","Unknown","1.0","","None","Unk","","","Unk","","","W","","","","M","","",""
"17027606","2017-07-17","2017","7","21:47:00","2017-07-17","422.6(b)","Vandalism","4100.0","Executive ","Dr","115","Northern","Paint","Religion","Unk","Unknown","1.0","Temple","None","Unk","","","Unk","","","W","","","","M","","",""
"17034178","2017-09-04","2017","9","17:30:00","2017-09-04","211","Robbery","1700.0","Euclid","Ave","447","Eastern","Hands, Fists, Feet","Race","2","Unknown","1.0","","None","W","W","","M","M","","B","","","","F","","",""
"17034795","2017-09-09","2017","9","17:17:00","2017-09-09","245(A)(4)","Assault, w/Weapon","3900.0","8th ","Ave","627","Western","Rocks","Sexual Orientation","1","Known","2.0","","None","B","","","M","","","W","W","","","M","M","",""
"17036122","2017-09-19","2017","9","16:50:00","2017-09-19","242:M","Assault, No Weapon","2800.0","Torrey Pines Scenic ","Dr","126","Northern","Hands, Fists, Feet","Sexual Orientation","1","Known","1.0","","None","B","","","M","","","H","","","","M","","",""
"17036619","2017-09-23","2017","9","00:30:00","2017-09-23","594(A)F","Vandalism","12900.0","Cristallo","Pl","934","Northwestern","Marker","Race","Unk","Unknown","1.0","","None","Unk","","","Unk","","","A","","","","F","","",""
"17036944","2017-09-26","2017","9","07:30:00","2017-09-26","594(b)(1)","Vandalism","8700.0","Bennington ","St","242","Northeastern","Other","Sexual Orientation","Unk","Unknown","1.0","School Bus","None","Unk","","","Unk","","","","","","","","","",""
"17039629","2017-10-13","2017","10","08:30:00","2017-10-13","594(A)","Vandalism","2900.0","Barnard","St","613","Western","Marker","Race","Unk","Unknown","1.0","","None","Unk","","","Unk","","","O","","","","F","","",""
"17041515","2017-11-01","2017","11","01:41:00","2017-11-01","594.3(A)F","Vandalism","4700.0","Mount Abernathy","Av","111","Northern","Spray Paint","Religion","Unk","Unknown","1.0","Church","None","Unk","","","Unk","","","","","","","","","",""
"17043828","2017-11-21","2017","11","04:20:00","2017-11-21","245A1","Assault, w/Weapon","900.0","Park","Bl","521","Central","Lock","Race","1","Known","1.0","","None","B","","","M","","","W","","","","M","","",""
"18000604","2018-01-05","2018","1","19:00:00","2018-01-05","594(A):F","Vandalism","3300.0","31st ","St","813","Mid-City","Sharp Object","Sexual Orientation","Unk","Unknown","1.0","","None","Unk","","","Unk","","","H","","","","M","","",""
"18002415","2018-01-20","2018","1","22:00:00","2018-01-20","242:M","Assault, No Weapon","3500.0","Sports Arena","Blvd","611","Western","Hands, fists, feet","Sexual Orientation","1","Known","1.0","","No Treat.","W","","","M","","","W","","","","M","","",""
"18003081","2018-01-25","2018","1","19:00:00","2018-01-25","594(A)","Vandalism","3800.0","Winona","Ave","828","Mid-City","Rock","Religion","6","Known","2.0","","None","B","B","B","M","M","F","O","O","","","F","F","",""
"18003320","2018-01-29","2018","1","08:00:00","2018-01-29","594(B)(4)","Vandalism","13300.0","Salmon River","Rd","233","Northeastern","Marker","Race","Unk","Unknown","1.0","City Bench","None","Unk","","","Unk","","","","","","","","","",""
"18003728","2018-02-01","2018","2","10:00:00","2018-02-01","422:F","Threat","2400.0","Otay Center","Dr","713","Southern","Letter","Race","1","Unknown","2.0","Restaurant","None","Unk","","","Unk","","","H","H","","","F","F","",""
"18005199","2018-02-07","2018","2","20:00:00","2018-02-07","242:M ","Assault","3700.0","Birch","St","826","Mid-City","Hands","Sexual Orientation","1","Unknown","1.0","","Treated","Unk","","","Unk","","","H","","","","M","","",""
"18004972","2018-02-11","2018","2","16:00:00","2018-02-11","422.6A","Vandalism","300.0","G","St","525","Central","Bottle","Religion","1","Unknown","0.0","Church","None","Unk","","","Unk","","","","","","","","","",""
"18006221","2018-02-23","2018","2","12:11:00","2018-02-23","594(A):F","Vandalism","4600.0","Park","Blvd","624","Western","Brick","Race","1","Known","2.0","Restaurant","None","B","","","M","","","W","W","","","M","M","",""
"18006528","2018-02-26","2018","2","00:05:00","2018-02-26","594(A):F","Vandalism","13000.0","Paseo Lucido","","234","Northeastern","Spray Paint","Race/Sexual Orientation","2","Unknown","0.0","High School","None","Unk","Unk","","Unk","Unk","","","","","","","","",""
"18007157","2018-03-04","2018","3","13:42:00","2018-03-04","422.6","Threat","7000.0","El Cajon","Blvd","821","Mid-City","Verbal","Race","1","Unknown","1.0","","None","W","","","M","","","B","","","","M","","",""
"18010401","2018-04-02","2018","4","21:00:00","2018-04-02","594(B)(1):F","Vandalism","8800.0","Betelgeuse ","Wy","242","Northeastern","Spray Paint","Race","Unk","Unknown","1.0","","None","Unk","","","Unk","","","B","","","","M","","",""
"18011350","2018-04-09","2018","4","20:50:00","2018-04-09","422:F","Threat","3300.0","Adams","Av","811","Mid-City","Facebook","Sexual Orientation","Unk","Unknown","1.0","Church","None","Unk","","","Unk","","","","","","","","","",""
"18011357","2018-04-11","2018","4","13:35:00","2018-04-11","243A","Assault","4100.0","Park","Bl","624","Western","Hands, Fists, Feet","Sexual Orientation","2","Known","1.0","","Treated","B","B","","M","M","","B","","","","M","","",""
"18011970","2018-04-12","2018","4","12:00:00","2018-04-12","594(B)(2)(A)","Vandalism","4400.0","Mentone","St","613","Western","Sharp Object","Race","Unk","Unknown","1.0","","None","Unk","","","Unk","","","B","","","","M","","",""
"18012970","2018-04-26","2018","4","07:14:00","2018-04-26","594(B)(2)(A)","Vandalism","8300.0","Claremont Mesa","Bl","313","Eastern","Rock","Race","1","Known","2.0","","None","W","","","M","","","B","B","","","M","M","",""
"18013576","2018-05-01","2018","5","16:03:00","2018-05-01","422.6","Threat","3100.0","Evening","Wy","124","Northern ","Phone","Race","Unk","Unknown","1.0","","None","Unk","","","Unk","","","W","","","","F","","",""
"18015263","2018-05-16","2018","5","16:16:00","2018-05-16","243A","Assault","500.0","University","Ave","627","Western","Hands, Fists, Feet","Sexual Orientation","1","Known","1.0","","Treated","H","","","M","","","H","","","","M","","",""
"18015995","2018-05-23","2018","5","00:48:00","2018-05-23","422.6","Threat","700.0","W Cedar","St","527","Central","Knife","Race","1","Known","1.0","","None","W","","","M","","","B","","","","F","","",""
"18017632","2018-06-02","2018","6","15:00:00","2018-06-02","594(A):F","Vandalism","9000.0","La Jolla Scenic ","Dr","124","Northern","Marker","Religion","Unk","Unknown","1.0","Temple","None","Unk","","","Unk","","","","","","","","","",""
"18017971","2018-06-09","2018","6","1932-11-07 00:00:00","2051-04-17","594.3","Vandalism","5400.0","Division","St","432","Southeastern","Spray Paint","Race","Unk","Unknown","1.0","Church","None","Unk","","","Unk","","","","","","","","","",""
"18018617","2018-06-11","2018","6","16:00:00","2018-06-11","594(A):F","Vandalism","6800.0","Navajo ","Rd","321","Eastern","Other","Sexual Orientation","1","Known","1.0","","None","W","","","Male","","","H","","","","M","","",""
"18019813","2018-06-26","2018","6","22:30:00","2018-06-26","245(A)(1)","Assault, No Weapon","4000.0","Taylor","St","625","Western","Hands, Fists, Feet","Race","1","Known","1.0","","Treated","B","","","Male","","","W","","","","M","","",""
"18022404","2018-07-17","2018","7","21:00:00","2018-07-17","242","Assault, No Weapon","3700.0","10th ","Av","627","Western","Hands, Fists, Feet","Sexual Orientation","4","Unknown","1.0","","Treated","W","","","M","","","W","","","","M","","",""
"18023073","2018-07-24","2018","7","22:13:00","2018-07-24","243A","Assault, No Weapon","1000.0","University","Av","627","Western","Water Balloon","Sexual Orientation","2","Unknown","1.0","","None","W","W","","M","M","","W","","","","M","","",""
"18024152","2018-08-02","2018","8","14:00:00","2018-08-02","594(A)","Vandalism","13300.0","Salmon River","Rd","233","Northeastern","Marker","Race","Unk","Unknown","1.0","San Diego Park","None","Unk","","","Unk","","","","","","","","","",""
"18025371","2018-08-13","2018","8","00:35:00","2018-08-13","243a","Assault","500.0","Market","St","523","Central","Hands, Fists, Feet","Sexual Orientation","2","Unknown","2.0","","None","H","B","","M","M","","W","W","","","M","M","",""
"18027604","2018-09-01","2018","9","11:30:00","2018-09-01","594(B)(2)(A)","Vandalism","1700.0","Bervy","St","116","Northern","Tire ","Race","4","Known","2.0","","None","W","W","W","M","M","M","W","M","","","M","M","",""
"18029588","2018-09-15","2018","9","11:30:00","2018-09-15","422.6(a)","Assault","5900.0","Linda Vista","Rd","622","Western","Water","Race","1","Unknown","1.0","","None","H","","","F","","","H","","","","F","","",""
"18030114","2018-09-23","2018","9","19:00:00","2018-09-23","594.3(B)","Vandalism","6000.0","Division","St","452","Southeastern","Spray-paint","Religion","1","Unknown","1.0","Church","None","Unk","","","Unk","","","","","","","","","",""
"18030221","2018-09-23","2018","9","20:00:00","2018-09-23","594.3(A):F","Vandalism","5800.0","Alleghany","St","438","Southeastern","Spray-paint","Religion","1","Unknown","1.0","Church","None","Unk","","","Unk","","","","","","","","","",""
"18031253","2018-10-03","2018","10","22:49:00","2018-10-03","245A1","Assault","500.0","15th ","St","521","Central","Golf Club","Race","1","Known","1.0","","Treated","W","","","M","","","B","","","","F","","",""
"18031831","2018-10-09","2018","10","07:35:00","2018-10-09","417A1:M","Threat","10700.0","Black Mountain","Rd","242","Northeastern","Knife","Race","1","Known","1.0","","None","W","","","M","","","H","","","","M","","",""
"18032153","2018-10-11","2018","10","13:05:00","2018-10-11","243A","Assault","5600.0","36th","St","811","Mid-City","Hands, Fists, Feet","Race","1","Known","3.0","","None","H","","","M","","","H","H","H","","M","M","F",""
"18032111","2018-10-11","2018","10","00:00:00","2018-10-11","594(B)(1):F","Vandalism","4800.0","Cole","St","114","Northern","Other-sharp Object","Sexual Orientation","Unk","Unknown","1.0","","None","Unk","","","Unk","","","W","","","","F","","",""
"18032467","2018-10-14","2018","10","20:00:00","2018-10-14","422.6B","Vandalism","1600.0","Polk ","Av","624","Western","Spray Paint","Sexual Orientation","Unk","Unknown","1.0","Church","None","Unk","","","Unk","","","","","","","","","",""
"18034424","2018-10-31","2018","10","23:20:00","2018-10-31","245A1","Assault","4300.0","36th","St","811","Mid-City","Baton","Race","3","Unknown","2.0","","Treated","H","H","H","M","M","M","H","B","","","F","M","",""
"18035021","2018-11-06","2018","11","08:26:00","2018-11-06","245A1","Assault","5000.0","University","Av","826","MidCity","Hands, Fists, Feet","Race","1","Known","2.0","","Treated","B","","","F","","","H","H","","","F","M","",""
"18037683","2018-12-01","2018","12","23:00:00","2018-12-01","422.7(A)","Threat","3800.0","43rd","St","834","Mid-City","Verbal","Sexual Orientation","2","Known","1.0","","None","W","W","","F","M","","W","","","","M","","",""
"18038086","2018-12-05","2018","12","19:19:00","2018-12-05","594.3(B)","Vandalism","1300.0","4th","Av","524","Central","Spray Paint","Religion","1","Known","1.0","Church","None","W","","","M","","","","","","","","","",""
"18038864","2018-12-11","2018","12","20:30:00","2018-12-11","594(A)","Vandalism","4600.0","30th ","St","813","Mid-City","Spray Paint","Race","1","Unknown","2.0","","None","Unk","","","","","","B","B","","","F","M","",""
"18039670","2018-12-19","2018","12","11:44:00","2018-12-19","243A","Assault","400.0","Sea World","Dr","123","Northern","Other- Hose","Race","1","Unknown","1.0","","None","W","","","M","","","B","","","","F","","",""
"19000321","2019-01-04","2019","1","07:13:00","2019-01-04","422.6A","Threat","300.0","Horton Plaza","Pz","525","Central","Knife","Race","1","Unknown","1.0","","None","W","","","M","","","B","","","","M","","",""
"19001639","2019-01-13","2019","1","16:21:00","2019-01-13","422.6","Threat","4700.0","32nd ","St","814","Mid-City","None","Race","1","Known","1.0","","None","H","","","M","","","B","","","","M","","",""
"19600660","2019-01-26","2019","1","12:00:00","2019-01-26","594(B)(2)A","Vandalism","800.0","Archer","St","122","Northern","Marker","Religion","1","Unknown","1.0","City of San Diego","None","Unk","","","Unk","","","","","","","","","",""
"19004291","2019-02-07","2019","2","19:30:00","2019-02-07","594","Vandalism","5500.0","Bellevue","Av","124","Northern","Unknown","Religion","Unk","Unknown","2.0","","None","Unk","","","Unk","","","W","W","","","M","F","",""
"19005259","2019-02-15","2019","2","00:00:00","2019-02-15","422.7","Vandalism","13000.0","Jadestone","Wy","934","Northeastern","Pen","Religion","Unk","Unknown","1.0","","None","Unk","","","Unk","","","W","","","","M","","",""
"19006514","2019-02-26","2019","2","15:30:00","2019-02-26","245A1","Assault","2000.0","Logan","Av","511","Central","Stick","Sexual Orientation","2","Unknown","2.0","","Treated","H","H","","M","F","","W","W","","","M","F","",""
"19008983","2019-03-05","2019","3","12:30:00","2019-03-05","242","Assault","3700.0","Del Mar Heights","Rd","934","Northwestern","Hands, Fists, Feet","Race/Disability","1","Unknown","1.0","","Treated","W","","","M","","","B","","","","M","","",""
"19007782","2019-03-10","2019","3","00:55:00","2019-03-10","594","Vandalism","4900.0","Newport","Av","614","Western","Hands, Fists, Feet","Sexual Orientation","1","Known","1.0","","None","W","","","M","","","W","","","","M","","",""
"19012076","2019-04-12","2019","4","02:21:00","2019-04-12","594","Vandalism","5700.0","Olympic","Pl","822","Mid-City","Other","Race","2","Unknown","1.0","","None","Unk","Unk","","Unk","Unk","","H","","","","M","","",""
"19017802","2019-05-22","2019","5","14:00:00","2019-05-22","594(A)","Vandalism","4600.0","Vista","St","825","Mid-City","Other ","Religion","1","Unknown","1.0","","None","Unk","","","Unk","","","W","","","","M","","",""
"19017876","2019-05-24","2019","5","08:30:00","2019-05-24","422.6","Threat","5100.0","Linda Vista ","Rd","622","Western","None","Sexuality","1","Known","1.0","","None","W","","","M","","","B","","","","M","","",""
"19018299","2019-05-26","2019","5","08:38:00","2019-05-26","594(B)(2)(A)","Vandalism","4300.0","Santa Monica","Av","613","Western","Other ","Religion","1","Unknown","3.0","","None","Unk","","","Unk","","","W","W","B","","F","F","M",""
"19019040","2019-05-31","2019","5","07:00:00","2019-05-31","242","Assault","900.0","4th","Av","525","Central","Hands, Fists, Feet","Sexuality","1","Known","1.0","","Treated","H","","","M","","","W","","","","M","","",""
"19019053","2019-05-31","2019","5","16:30:00","2019-05-31","594(B)(1)","Vandalism","7500.0","Winterwood","Ln","242","Northeastern","Spray Paint","Race","1","Unknown","1.0","City of San Diego","None","Unk","","","Unk","","","","","","","-","","",""
"19019302","2019-05-31","2019","5","17:00:00","2019-05-31","594(B)(1)","Vandalism","2200.0","Main","St","724","Southern","Spray Paint","Religion","1","Unknown","1.0","","None","Unk","","","Unk","","","W","","","","M","","",""
"19020509","2019-06-10","2019","6","08:30:00","2019-06-10","594(B)(1)","Vandalism","8600.0","Genesee","Av","115","Northern","Spray Paint","Religion","1","Unknown","1.0","Market","None","Unk","","","Unk","","","","","","","","","",""
"19027273","2019-07-02","2019","7","20:58:00","2019-07-02","242","Assault","500.0","14th","St","521","Central","Hands, Fists, Feet","Sexual Orientation","1","Unknown","1.0","","None","B","","","M","","","H","","","","F","","",""
"19024491","2019-07-05","2019","7","12:26:00","2019-07-05","245A1","Assault","4200.0","University","Av","832","Midcity","Knife","Race","1","Known","2.0","","None","B","","","M","","","H","H","","","F","F","",""
"19025504","2019-07-10","2019","7","23:32:00","2019-07-10","422:F","Threat","3600.0","30th","St","813","Midcity","Phone","Sexual Orientation","1","Unknown","1.0","Gay Pride Rally","None","Unk","","","Unk","","","","","","","","","",""
"19025496","2019-07-10","2019","7","20:14:00","2019-07-10","422:F","Threat","3600.0","30th","St","813","Midcity","Email","Sexual Orientation","1","Unknown","1.0","Gay Pride Rally","None","Unk","","","Unk","","","","","","","","","",""
"19025834","2019-07-13","2019","7","16:00:00","2019-07-13","422.6","Threat","7200.0","El Cajon","Bl","821","Midcity","Knife","Race","1","Known","1.0","","None","W","","","M","","","B","","","","F","","",""
"19025966","2019-07-14","2019","7","00:22:00","2019-07-14","594.3(A)","Vandalism","4100.0","Front","St","627","Western","Unknown","Sexual Orientation","1","Unknown","1.0","Church","None","W","","","M","","","","","","","","","",""
"19028502","2019-07-26","2019","7","00:30:00","2019-07-26","594(B)(2)(A)","Vandalism","6100.0","Agee","St","115","Northern","Spray Paint","Race","Unk","Unknown","4.0","","None","Unk","","","Unk","","","B","W","H","","M","M","M",""
"19028668","2019-07-29","2019","7","09:22:00","2019-07-29","422.6(B)","Vandalism","7100.0","Engineer","Rd","313","Eastern","Spray Paint","Religion","Unk","Unknown","1.0","Business","None","Unk","","","Unk","","","","","","","","","",""
"19038601","2019-09-18","2019","9","07:00:00","2019-09-18","422.6","Threat","4400.0","El Cajon","Blvd","824","Mid-City","Marker","Sexual Orientation","Unk","Unknown","1.0","School","None","Unk","","","Unk","","","","","","","","","",""
"19048808","2019-11-07","2019","11","03:32:00","2019-11-07","242","Battery","2400.0","Seaside ","St","613","Western","Hands, Fists, Feet","Sexual Orientation","2","Unknown","1.0","","None","Unk","Unk","","M","F","","W","","","","M","","",""
"19049530","2019-11-14","2019","11","06:00:00","2019-11-14","594","Vandalism","4100.0","West Point Loma","Bl","613","Western","Black Ink","Religion","Unk","Unknown","1.0","","None","Unk","","","Unk","","","W","","","","F","","",""
"19052150","2019-11-28","2019","11","16:00:00","2019-11-28","242","Assault","6600.0","Broadway","","433","Southeastern","Hands, Fists, Feet","Race","1","Known","1.0","","None","W","","","M","","","B","","","","M","","",""
"19055750","2019-12-17","2019","12","12:00:00","2019-12-17","594","Vandalism","13000.0","Salmon River","Rd","233","Northeastern","Marker","Race/Religion","Unk","Unknown","1.0","City of San Diego","None","Unk","","","Unk","","","","","","","","","",""
"19058413","2019-12-31","2019","12","22:35:00","2019-12-31","422A","Threat","1300.0","4th ","Av","524","Central","Phone","Religion","Unk","Unknown","1.0","Church","None","Unk","","","Unk","","","","","","","","","",""
"20000486","2020-01-01","2020","1","21:30:00","2020-01-01","594","Vandalism","5000.0","Cervantes","Av","446","Southeastern","Spray Paint","Race","Unk","Unknown","2.0","","None","Unk","","","Unk","","","H","H","","","F","F","",""
"20000531","2020-01-03","2020","1","21:30:00","2020-01-03","594","Vandalism","4000.0","Ohio","St","813","MidCity","Sharp Object","Sexual Orientation","1","Unknown","1.0","","None","W","","","M","","","W","","","","F","","",""
"20001478","2020-01-08","2020","1","12:48:00","2020-01-08","594","Vandalism","13000.0","Salmon River","Rd","233","Northeastern","Marker","Religion","Unk","Unknown","1.0","City of San Diego","None","Unk","","","Unk","","","","","","","","","",""
"20001512","2020-01-08","2020","1","13:00:00","2020-01-08","422.6","Threat","300.0","59th","St","452","Southeastern","Letter","Sexual Orientation","Unk","Unknown","1.0","","None","Unk","","","Unk","","","A","","","","F","","",""
"20013284","2020-03-03","2020","3","15:34:00","2020-03-03","243","Assault, No Weapon","1200.0","Camnino Del Rio N","","315","Eastern","Hands, Fists, Feet","Anti-Transgender","1","Unknown","1.0","","None","B","","","M","","","W","","","","F","","",""
"20016481","2020-03-19","2020","3","10:30:00","2020-03-19","243","Assault, No Weapon","3000.0","Clairemont ","Dr","116","Northern","Hands, Fists, Feet","Race","1","Unknown","1.0","","None","W","","","F","","","H","","","","F","","",""
"20019662","2020-04-02","2020","4","00:01:00","2020-04-02","594(B)(2)(A)","Vandalism","11800.0","Carmel Mountain","Rd","232","Northeastern","Spray Paint","Race","Unk","Unknown","1.0","Restaurant","None","Unk","","","Unk","","","","","","","","","",""
"20018993","2020-04-04","2020","4","11:00:00","2020-04-04","594(B)(2)(A)","Vandalism","1200.0","Cleveland","Av","627","Western","Spray Paint","Race","Unk","Unknown","1.0","Bank","None","Unk","","","Unk","","","","","","","","","",""
"20020232","2020-04-12","2020","4","14:30:00","2020-04-12","422.6","Threat","2600.0","J","St","515","Central","Verbal","Race","2","Unknown","1.0","","None","H","H","","M","M","","W","","","","M","","",""
"20020622","2020-04-14","2020","4","15:09:00","2020-04-14","422.6","Threat","11800.0","Rancho Bernardo","Rd","234","Northeastern","Phone","Race","1","Unknown","1.0","","None","Unk","","","M","","","A","","","","M","","",""
"20028824","2020-06-04","2020","6","20:00:00","2020-06-04","422.6(A)","Threat","7000.0","La Jolla","Bl","124","Northern","Bat","Race","1","Known","1.0","","None","W","","","M","","","H","","","","M","","",""
"20029821","2020-06-11","2020","6","08:00:00","2020-06-11","422.7(B)","Threat","1700.0","Alaguinas","Dr","712","Southern","Hands, Fists, Feet","Race","1","Known","2.0","","None","F","","","A","","","H","H","","","F","M","",""
"20032425","2020-06-26","2020","6","20:00:00","2020-06-26","594","Southeastern","5900.0","Kenwood","St","433","Southeastern","Spray Paint","Race","Unk","Unknown","1.0","","None","Unk","","","Unk","","","Unk","","","","M","","",""
"20032272","2020-06-26","2020","6","15:10:00","2020-06-26","245(A)(1)","Assault","700.0","Thomas","Av","122","Northern","Golf Club","Race","1","Known","1.0","","Treated","W","","","M","","","B","","","","F","","",""
"20035897","2020-07-19","2020","7","08:30:00","2020-07-19","594(B)(1)","Vandalism","700.0","Saturn","Bl","721","Southern","Spray Paint","Sexual Orientation","1","Unknown","1.0","","None","Unk","","","Unk","","","A","","","","M","","",""
"20035966","2020-07-19","2020","7","22:30:00","2020-07-19","451(D)","Arson","4412.0","Collwood","Ln","824","MidCity","Fire","Sexual Orientation","Unk","Unknown","2.0","","None","Unk","","","Unk","","","W","W","","","F","F","",""
"20036175","2020-07-21","2020","7","04:45:00","2020-07-21","422(A)","Threat","4500.0","Ocean","Bl","122","Northern","Pole","Race","Unk","Unknown","1.0","","None","W","","","M","","","H","","","","F","","",""
"20038279","2020-08-02","2020","8","14:32:00","2020-08-02","245(A)(1)","Assault","4900.0","El Cajon","Bl","826","MidCity","BB Gun","Race","2","Unknown","2.0","","Treated","H","H","","M","M","","B","B","","","M","F","",""
"20043980","2020-09-03","2020","9","07:30:00","2020-09-03","422.6(B)","Threat","4474.0","Valeta","St","613","Western","Unknown","Sexual Orientation","1","Known","1.0","","None","W","","","M","","","W","","","","M","","",""
"20050547","2020-10-12","2020","10","17:55:00","2020-10-12","243(A)","Battery","3200.0","Governor","Dr","115","Northern","Hands, Fists, Feet","Race","1","Unknown","1.0","","None","H","","","M","","","O","","","","M","","",""
"20051500","2020-10-14","2020","10","16:30:00","2020-10-14","242","Battery","1500.0","2nd","Av","526","Central","Hands, Fists, Feet","Race","1","Unknown","1.0","","None","B","","","F","","","W","","","","M","","",""
"20052847","2020-10-25","2020","10","19:45:00","2020-10-25","242","Battery","500.0","Park","Bl","521","Central","Hands, Fists, Feet","Race","3","Unknown","1.0","","Hospital","W","W","W","M","M","M","B","","","","M","","",""
"20054204","2020-11-02","2020","11","03:00:00","2020-11-02","245(A)(1)","Assault","","32nd/University","St/Av","813","MidCity","Rock","Sexual Orientation","1","Unknown","1.0","","None","B","","","M","","","A","","","","M","","",""
"20054787","2020-11-05","2020","11","13:00:00","2020-11-05","594(B)(2)(A)","Vandalism","4900.0","University ","Av","827","MidCity","Marker","Race","Unk","Unknown","1.0","Church","None","Unk","","","Unk","","","","","","","","","",""
"20056454","2020-11-14","2020","11","17:27:00","2020-11-14","594(B)(2)(A)","Vandalism","7300.0","Miramar","Rd","243","Northeastern","Hands, Fists, Feet","Race","1","Unknown","1.0","","None","W","","","M","","","B","","","","F","","",""
"20063994","2021-12-30","2020","12","21:17:00","2021-12-30","242","Battery","8900.0","Miramar","Rd","243","Northeastern","Hands, Fists, Feet","Sexual Orientation","1","Unknown","1.0","","None","W","","","M","","","W","","","","M","","",""
"21002105","2021-01-13","2021","1","18:27:00","2021-01-13","594(B)(1)","Vandalism","1100.0","05th","Av","524","Central","Rocks","Race","1","Known","1.0","Restaurant","None","B","","","M","","","","","","","","","",""
"21002911","2021-01-17","2021","1","09:21:00","2021-01-17","242","Battery","5920.0","Fairmount","Av","321","Eastern","Pepper Spray","Race","1","Known","1.0","","Treated","H","","","M","","","B","","","","M","","",""
"21004084","2021-01-24","2021","1","21:38:00","2021-01-24","594(B)(1)","Vandalism","3900.0","Cleveland","Av","627","Western","Paint","Race","Unk","Unknown","3.0","Church/Bar X 2","None","Unk","","","Unk","","","","","","","","","",""
"21005554","2021-02-02","2021","2","14:00:00","2021-02-02","422.6(B)","Threat","3600.0","6th","Av","627","Western","Unknown","Sexual Orientation","Unk","Unknown","1.0","","None","Unk","","","Unk","","","W","","","","M","","",""
"21005611","2021-02-02","2021","2","23:00:00","2021-02-02","594(B)(2)(A)","Vandalism","3900.0","Cleveland","Av","627","Western","None","Sexual Orientation","Unk","Unknown","1.0","Church","None","Unk","","","Unk","","","","","","","","","",""
"21009928","2021-02-27","2021","2","02:00:00","2021-02-27","422.6(B)","Threat","5500.0","Laramie","Wy","322","Eastern","None","Race","1","Unknown","1.0","","None","W","","","M","","","A","","","","F","","",""
"21010123","2021-02-28","2021","2","12:50:00","2021-02-28","245(A)(1)","Assault","","Emerald Ct/Mission Bl","","122","Northern","Bottle","Race","1","Unknown","3.0","","None","W","","","M","","","B","B","W","","M","M","F",""
"21011307","2021-03-07","2021","3","18:55:00","2021-03-07","417","Threat","2900.0","Lytton","St","612","Western","Gun","Race","1","Unknown","1.0","","None","W","","","M","","","B","","","","M","","",""
"21011861","2021-03-11","2021","3","09:00:19","2021-03-11","594(B)(2)(A)","Vandalism","1400.0","Vacation","Rd","123","Northern","Marker","Race","Unk","Unknown","","City of San Diego","None","Unk","","","Unk","","","","","","","","","",""
"21014159","2021-03-24","2021","3","00:01:00","2021-03-24","422.6(A)","Threat","3600.0","30th ","St","813","MidCity","Letters","Sexual Orientation","Unk","Unknown","3.0","Gay Pride Organization","None","Unk","","","Unk","","","H","W","W","","M","M","M",""
"21014439","2021-03-26","2021","3","09:34:00","2021-03-26","594(B)(1)","Vandalism","6100.0","Rancho Mission","Rd","321","Eastern","None","Religion","1","Known","1.0","Church","None","W","","","M","","","","","","","","","",""
"21014839","2021-03-27","2021","3","00:00:00","2021-03-27","594(B)(2)(A)","Vandalism","10000.0","Baroness","Av","242","Northeastern","Spray Paint","Race","Unk","Unknown","1.0","","None","Unk","","","Unk","","","F","","","","F","","",""
"21016826","2021-04-06","2021","4","18:00:00","2021-04-06","245(A)(1)","Assault","","Sea World/Friars","Dr/Rd","123","Northern","Vehicle","Race","1","Unknown","1.0","","None","W","","","M","","","B","","","","F","","",""
"21017797","2021-04-06","2021","4","19:45:00","2021-04-06","422.6(B)","Vandalism","7600.0","Palmilla","Dr","115","Northern","None","Race","Unk","Unknown","2.0","","None","Unk","","","M","","","B","W","","","M","F","",""
"21016748","2021-04-07","2021","4","12:00:00","2021-04-07","422.6(A)","Threat","3600.0","Rosecrans","St","611","Western","None","Race","1","Unknown","1.0","","None","W","","","M","","","A","","","","F","","",""
"21017124","2021-04-11","2021","4","23:03:00","2021-04-11","245(A)(1)","Assault","1500.0","California","St","527","Central","Baseball Bat","Sexual Orientation","1","Unknown","2.0","","Treated","B","","","M","","","F","","","","F","","",""
"21021221","2021-05-06","2021","5","08:26:00","2021-05-06","245(A)(1)","Assault","","17th/K","St","521","Central","Hammer","Sexual Orientation","1","Known","1.0","","Hospital","B","","","M","","","H","","","","M","","",""
"21022243","2021-05-08","2021","5","14:15:00","2021-05-08","653(M)","Threat","11000.0","Caminito Inocenta","","931","Northwestern","Phone","Religion","1","Known","1.0","","None","W","","","F","","","O","","","","F","","",""
"21023215","2021-05-17","2021","5","14:10:00","2021-05-17","243(A)","Battery","700.0","30th","St","517","Central","Spit","Race","1","Unknown","1.0","","Treated","W","","","M","","","H","","","","F","","",""
"21023506","2021-05-19","2021","5","17:19:00","2021-05-19","653(M)","Threat","4800.0","Newport","Av","611","Western","Phone","Religion","1","Unknown","2.0","Business","None","Unk","","","Unk","","","W","","","","M","","",""
"21023843","2021-05-21","2021","5","16:16:00","2021-05-21","240","Assault","900.0","F","St","311","Eastern","Spit","Sexual Orientation","1","Known","1.0","","None","W","","","M","","","W","","","","F","","",""
"21024515","2021-05-23","2021","5","10:13:00","2021-05-23","594(B)(2)(A)","Vandalism","3200.0","Bayside","Wk","121","Northern","Chalk","Race/Religion","Unk","Unknown","1.0","","None","Unk","","","Unk","","","M","","","","F","","",""
"21024446","2021-05-24","2021","5","18:59:00","2021-05-24","594(B)(1)","Vandalism","3800.0","Valley Centre","Dr","934","Northwestern","Unknown","Religion","Unk","Unknown","1.0","","None","Unk","","","Unk","","","W","","","","M","","",""
"21025374","2021-05-30","2021","5","21:39:00","2021-05-30","417(A)(1)","Threat","","Westview/Capricorn","Pky/Way","242","Northeastern","Pipe","Race","1","Known","1.0","","None","W","","","M","","","B","","","","M","","",""
"21025529","2021-05-31","2021","5","07:55:00","2021-05-31","417(A)(1)","Threat","2400.0","Market","St","514","Central","Knife","Race","1","Known","1.0","","None","B","","","M","","","W","","","","F","","",""
"21026113","2021-06-03","2021","6","12:30:00","2021-06-03","243(D)","Battery","700.0","32nd","St","516","Central","Hands, Fists, Feet","Race","1","Known","1.0","","Injured","B","","","M","","","O","","","","M","","",""
"21029244","2021-06-16","2021","6","12:00:00","2021-06-16","653M(A)","Threat","4900.0","Murphy Canyon","Rd","311","Eastern","None","Race","Unk","Unknown","1.0","Political Organization","None","Unk","","","Unk","","","","","","","","","",""
"21030261","2021-06-28","2021","6","11:38:00","2021-06-28","243(A)","Battery","","8th/F","Av/St","524","Central","Hands, Fists, Feet","Race","1","Known","1.0","","None","B","","","M","","","W","","","","F","","",""
"21032267","2021-07-10","2021","7","12:10:00","2021-07-10","242","Battery","4200.0","Nobel","Dr","115","Northern","Hands, Fists, Feet","Sexual Orientation","2","Unknown","1.0","","Treated","H","","","M","","","H","","","","M","","",""
"21035205","2021-07-27","2021","7","05:00:00","2021-07-27","422.6(A)","Threat","500.0","C","St","524","Central","Hands, Fists, Feet","Race","1","Known","1.0","","None","H","","","M","","","B","","","","F","","",""
"21036358","2021-08-02","2021","8","23:38:00","2021-08-02","245(A)(1)","Assault","3100.0","Mission","Bl","121","Western","Can","Sexual Orientation","4","Unknown","2.0","","Treated","H","H","B","M","M","M","W","B","","","F","M","",""
"21614797","2021-09-02","2021","9","00:00:00","2021-09-02","594","Vandalism","5900.0","Linda Vista","Rd","622","Western","Unknown","Religion","Unk","Unknown","1.0","","None","Unk","","","Unk","","","W","","","","M","","",""
"21042757","2021-09-09","2021","9","14:54:00","2021-09-09","368(B)(1)","Assault","4000.0","Taylor","St","625","Western","Hands, Fists, Feet","Race","1","Known","1.0","","None","W","","","M","","","O","","","","M","","",""
"21043319","2021-09-12","2021","9","21:36:00","2021-09-12","243(D)","Battery","1300.0","Cesar Chavez","Pkw","511","Central","Hands, Fists, Feet","Sexual Orientation","2","Unknown","1.0","","Hospital","W","W","","M","M","","O","","","","M","","",""
"21043645","2021-09-14","2021","9","23:10:00","2021-09-14","422.7(A)","Assault","","Voltaire","St","613","Western","Hands, Fists, Feet","Race","1","Unknown","1.0","","None","W","","","M","","","H","","","","M","","",""
"21044849","2021-09-21","2021","9","13:40:00","2021-09-21","242","Battery","3800.0","Richmond","St","627","Western","Hands, Fists, Feet","Race","1","Known","1.0","","None","B","","","F","","","A","","","","F","","",""
"21047024","2021-10-01","2021","10","00:00:00","2021-10-01","594","Vandalism","1300.0","29th","St","518","Central","Spray Paint","Race","Unk","Unknown","1.0","","None","Unk","","","Unk","","","H","","","","F","","",""
"21046858","2021-10-02","2021","10","19:45:00","2021-10-02","242","Battery","3400.0","Castle Glen","Dr","311","Eastern","Hands, Fists, Feet","Sexual Orientation","1","Known","1.0","","Treated","W","","","M","","","W","","","","M","","",""
"21047512","2021-10-03","2021","10","13:30:00","2021-10-03","594(B)(2)(A)","Vandalism","9500.0","La Jolla Farms","Rd","126","Northern","Unknown","Race","Unk","Unknown","1.0","","None","Unk","","","Unk","","","H","","","","M","","",""
"21048517","2021-10-12","2021","10","13:10:00","2021-10-12","242","Battery","900.0","Camino De La Reina","","315","Eastern","Spit","Sexual Orientation","1","Unknown","1.0","","None","B","","","M","","","H","","","","M","","",""
"21049305","2021-10-17","2021","10","08:00:00","2021-10-17","245(A)(1)","Assault","4000.0","36th","St","838","MidCity","Cane","Sexual Orientation","1","Known","1.0","","None","W","","","M","","","B","","","","F","","",""
"21053854","2021-11-14","2021","11","10:23:00","2021-11-14","243(A)","Battery","4800.0","Del Monte","Av","614","Western","Hands, Fists, Feet","Race","1","Known","1.0","","Minor","W","","","M","","","B","","","","F","","",""
"21054343","2021-11-16","2021","11","00:15:00","2021-11-16","422(A)","Threat","6000.0","La Jolla","Bl","124","Northern","Note","Anti-Religion","Unknown","Unknown","1.0","Church","None","Unk","","","Unk","","","","","","","","","",""
"21056974","2021-12-03","2021","12","21:48:00","2021-12-03","242","Battery","5000.0","Newport","Av","614","Western","Hands, Fists, Feet","Race","1","Known","1.0","","Treated ","W","","","M","","","B","","","","F","","",""
"21059048","2021-12-17","2021","12","09:15:00","2021-12-17","245","Assault","5100.0","Clairemont Mesa","Av","114","Northern","Handgun","Race","1","Unknown","1.0","","None","W","","","F","","","B","","","","M","","",""
"22000602","2021-12-30","2021","12","00:00:00","2021-12-30","422.6","Threat","5600.0","Balboa","Av","111","Northern","Sign","Religion","1","Unknown","1.0","Jewelry Store","None","Unk","","","Unk","","","","","","","","","",""
"22004082","2022-01-29","2022","1","11:45:00","2022-01-29","242","Battery","4400.0","La Jolla Village","Dr","115","Northern","Hands, Fists, Feet","Race","1","Unknown","1.0","","None","W","","","M","","","B","","","","M","","",""
"22006320","2022-02-12","2022","2","13:00:00","2022-02-12","243","Battery","4400.0","Bannock","Av","114","Northern","Hands, Fists, Feet","Race","1","Known","1.0","","None","W","","","F","","","B","","","","F","","",""
"22010180","2022-03-08","2022","3","13:25:00","2022-03-08","664/187","Attempted Murder","5300.0","Lea","St","827","Mid-City","Knife","Religion","1","Known","1.0","","Hospital","H","","","M","","","H","","","","M","","",""
"22010580","2022-03-10","2022","3","19:30:00","2022-03-10","422.6 (A)","Threat","3800.0","Pell","Pl","934","Northwestern","Letters","Race","Unk","Unknown","2.0","","None","Unk","","","Unk","","","A","A","","","M","F","",""
"22603800","2022-03-16","2022","3","12:00:00","2022-03-16","422.6(A)","Threat","7400.0","Rondel ","Ct","325","Eastern","None","Race","1","Known","1.0","","None","W","","","M","","","B","","","","M","","",""
"22011462","2022-03-16","2022","3","11:15:38","2022-03-16","422.6 (A)","Threat","700.0","16th","St","521","Central","Hands, Fists, Feet","Race","1","Unknown","1.0","","None","B","","","M","","","A","","","","M","","",""
"22012649","2022-03-23","2022","3","13:40:00","2022-03-23","242/422.6(A)","Battery","10500.0","Scripps Poway","Pky","246","Northeastern","Hands, Fists, Feet","Race","1","Known","2.0","","Minor","H","","","M","","","H","H","","","F","F","",""
"22013542","2022-03-28","2022","3","09:55:00","2022-03-28","422.6(A)/242","Battery","1600.0","University","Ave","627","Western","Hands, Fists, Feet","Race","1","Unknown","1.0","","None","B","","","M","","","M","","","","M","","",""
"22016894","2022-04-17","2022","4","21:40:00","2022-04-17","245","Assault","4100.0","West Point Loma","Blvd","613","Western","Other Dangerous Object","Race/Sex","1","Unknown","1.0","","Minor","W","","","M","","","B","","","","X","","",""
"22018396","2022-04-17","2022","4","08:00:00","2022-04-17","594.3 (A)","Vandalism","2600.0","Denver","St","116","Northern","None","Rel/Sex","Unk","Unknown","1.0","Chuch","None","Unk","","","Unk","","","","","","","","","",""
"22019678","2022-04-30","2022","4","20:30:58","2022-04-30","245/211 PC","Assault","4200.0","36th ","St","838","Mid-City","Knife","Sex","2","Unknown","1.0","","Minor","B","B","","M","M","","H","","","","M","","",""
"22019637","2022-05-05","2022","5","15:15:26","2022-05-05","273(A) PC","Threat","10600.0","Tierrasanta","Blvd","312","Eastern","Hands, Fists, Feet","Sex","1","Known","4.0","","None","W","","","F","","","W","W","W","H","M","M","M","M"
"22021697","2022-05-17","2022","5","16:00:00","2022-05-17","242/422.6 PC","Battery","500.0","W. Date","St","528","Central","Hands, Fists, Feet","Sex","1","Unknown","1.0","","None","W","","","M","","","W","","","","F","","",""
"22023185","2022-05-17","2022","5","07:14:18","2022-05-17","242/422.6 PC","Battery","1100.0","Front","St","524","Central","Hands, Fists, Feet","Race","1","Known","1.0","","Minor","B","","","M","","","W","","","","M","","",""
"22021656","2022-05-18","2022","5","19:22:00","2022-05-18","422.6/422 PC","Threat","9000.0","Kirby","Ct","242","Northeastern","None","Race","1","Known","3.0","","None","W","","","M","","","A","A","A","","F","M","M",""
"22022917","2022-05-27","2022","5","10:50:00","2022-05-27","245/422.6 PC","Assault","5100.0","Muir","Ave","614","Western","Other Dangerous Object","Race","1","Known","1.0","","None","W","","","M","","","H","","","","M","","",""
"22025796","2022-06-14","2022","6","12:27:00","2022-06-14","245/422.6 PC","Assault","5600.0","Mission Center","Rd","315","Eastern","Knife","Sex","1","Unknown","2.0","","None","W","","","M","","","W","W","","","M","M","",""
"22026448","2022-06-18","2022","6","11:55:00","2022-06-18","69/422.6/3056 PC","Battery","3800.0","5th","Ave","627","Western","Hands, Fists, Feet","Race/Sex","1","Known","1.0","","None","B","","","M","","","B","","","","M","","",""
"22026593","2022-06-19","2022","6","15:46:00","2022-06-19","245/422.7/594 PC","Assault","1000.0","University","Ave","627","Western","Other Dangerous Object","Race","1","Known","1.0","","None","W","","","M","","","B","","","","M","","",""
"22027264","2022-06-23","2022","6","22:18:21","2022-06-23","594/422.6 PC","Vandalism","11800.0","Arborlake","Way","241","Northeastern","None","Sex","1","Unknown","1.0","","None","Unk","","","Unk","","","W","","","","F","","",""
"22028847","2022-07-04","2022","7","21:03:00","2022-07-04","417/422.6 PC","Threat","6800.0","Akins","Ave","433","Southeastern","None","Race","1","Known","1.0","","None","H","","","M","","","B","","","","M","","",""
"22029024","2022-07-06","2022","7","20:46:59","2022-07-06","594/417 PC","Assault","3600.0","Highland","Ave","833","Mid-City","Firearm","Race","1","Known","2.0","","None","W","","","M","","","H","H","","","F","M","",""
"22032875","2022-07-31","2022","7","03:36:00","2022-07-31","243 PC","Battery","700.0","Grand","Ave","122","Northern","Other Dangerous Object","Sex","1","Unknown","1.0","","Minor","W","","","M","","","H","","","","M","","",""
"22033252","2022-08-02","2022","8","12:35:00","2022-08-02","242/368 PC","Battery","500.0","14th","St","521","Central","Hands, Fists, Feet","Sex","1","Known","1.0","","Minor","B","","","M","","","F","","","","H","","",""
"22033761","2022-08-05","2022","8","16:34:04","2022-08-05","417 PC","Assault","1600.0","Paseo Aurora","","725","Southern","Knife","Race","1","Known","2.0","","None","H","","","M","","","B","B","","","M","M","",""
"22033872","2022-08-06","2022","8","11:26:51","2022-08-06","594/242 PC","Battery","2000.0","1st","Ave","529","Central","Hands, Fists, Feet","Religion","2","Unknown","3.0","","Minor","W","W","","F","M","","W","W","A","","M/","M","M",""
"22035410","2022-08-15","2022","8","21:00:13","2022-08-15","594 PC","Vandalism","13000.0","Paseo Lucido","","234","Northeastern","None","Race","unk","Unknown","1.0","School","","Unk","","","Unk","","","","","","","","","",""
"22037389","2022-08-29","2022","8","13:12:52","2022-08-29","417/422 PC","Assault","7000.0","Levant","St ","621","Western","Knife","Race","1","Known","1.0","","None","W","","","M","","","B","","","","F","","",""
"22033785","2022-08-30","2022","8","19:47:00","2022-08-30","422.6 PC","Assault","1900.0","Bacon","St","614","Western","Hands, Fists, Feet","Race","1","Known","1.0","","Minor","W","","","M","","","B","","","","M","","",""
"22039475","2022-09-11","2022","9","17:28:57","2022-09-11","243(A)/422.6(A) PC","Battery","300.0","Date","St","529","Central","Hands, Fists, Feet","Race","2","Known","1.0","","Minor","W","W","","M","M","","H","","","","M","","",""
"22041551","2022-09-25","2022","9","19:19:19","2022-09-25","243D/368 PC/422.6(A)","Battery","12000.0","Scripps Summit","Dr","246","Northeastern","Hands, Fists, Feet","Race","1","Known","1.0","","Minor","M","","","M","","","M","","","","M","","",""
"22042944","2022-10-04","2022","10","05:23:41","2022-10-04","245/422.6/3056 PC","Assault","7600.0","Hazard Center","Dr","315","Eastern","Other Dangerous Object","Sex","1","Known","1.0","","Hospital","B","","","M","","","H","","","","M","","",""
"22043518","2022-10-07","2022","10","07:50:00","2022-10-07","422 PC","Threat","5300.0","Javier","St","111","Northern","None","Race","1","Known","2.0","","None","W","","","M","","","H","H","","","F","M","",""
"22044696","2022-10-14","2022","10","13:30:00","2022-10-14","243(A) PC","Battery","1200.0","Market","St","521","Central","Hands, Fists, Feet","Race","1","Known","1.0","","None","W","","","M","","","B","","","","F","","",""
